ID,LACT,FDAT,BDAT,FCDAT,RC,DRYLG,DDRY,PDCC,PDIM,EASE,CNUM,CLIVE,CSEX,FTDIM,FSTPJ,FSTBF,FSTPR,PEAKM,DCAR,PR305,LOG1,Event,DIM,Date,Remark,R,T,B,Protocols,Technician,X32
1177,0,00000000,01/29/18,00000000,7,0,0,0,499,1,0,-,-,0,0,0,0,0,12,38100,0,METR,808,04/16/20,DALA85,NA,NA,NA,NA,NA,NA
1177,0,00000000,01/29/18,00000000,7,0,0,0,499,1,0,-,-,0,0,0,0,0,12,38100,0,METR,809,04/17/20,EX19,NA,NA,NA,NA,NA,NA
1177,0,00000000,01/29/18,00000000,7,0,0,0,499,1,0,-,-,0,0,0,0,0,12,38100,0,METR,812,04/20/20,EX29/1,NA,NA,NA,NA,NA,NA
1177,0,00000000,01/29/18,00000000,7,0,0,0,499,1,0,-,-,0,0,0,0,0,12,38100,0,METR,812,04/20/20,EX19SQ,NA,NA,NA,NA,NA,NA
1177,0,00000000,01/29/18,00000000,7,0,0,0,499,1,0,-,-,0,0,0,0,0,12,38100,0,MOVE,889,07/06/20,F000T013,NA,NA,NA,NA,NA,NA
1177,0,00000000,01/29/18,00000000,7,0,0,0,499,1,0,-,-,0,0,0,0,0,12,38100,0,MEASURE,892,07/09/20,5413,NA,NA,NA,NA,NA,NA
1177,0,00000000,01/29/18,00000000,7,0,0,0,499,1,0,-,-,0,0,0,0,0,12,38100,0,SOLD,979,10/04/20,DCAR12,NA,NA,NA,NA,NA,NA
4655,2,10/20/19,01/02/17,10/23/18,6,2.4,55,283,307,1,1,A,M,17,31020,4,2.9,127,0,34130,0.6,MEASURE,0,10/20/19,1640,NA,NA,NA,NA,NA,NA
4655,2,10/20/19,01/02/17,10/23/18,6,2.4,55,283,307,1,1,A,M,17,31020,4,2.9,127,0,34130,0.6,FRESH,0,10/20/19,NA,NA,NA,NA,NA,NA,NA
4655,2,10/20/19,01/02/17,10/23/18,6,2.4,55,283,307,1,1,A,M,17,31020,4,2.9,127,0,34130,0.6,PNEU,9,10/29/19,EXC24/2,NA,NA,NA,NA,NA,NA
4655,2,10/20/19,01/02/17,10/23/18,6,2.4,55,283,307,1,1,A,M,17,31020,4,2.9,127,0,34130,0.6,PREG,81,01/09/20,7H12659,P,6,D,NA,Ben,NA
4655,2,10/20/19,01/02/17,10/23/18,6,2.4,55,283,307,1,1,A,M,17,31020,4,2.9,127,0,34130,0.6,DRY,309,08/24/20,NA,NA,NA,NA,NA,NA,NA
4655,2,10/20/19,01/02/17,10/23/18,6,2.4,55,283,307,1,1,A,M,17,31020,4,2.9,127,0,34130,0.6,FOOTRIM,317,09/01/20,T,NA,NA,NA,NA,NA,NA
4655,2,10/20/19,01/02/17,10/23/18,6,2.4,55,283,307,1,1,A,M,17,31020,4,2.9,127,0,34130,0.6,MOVE,344,09/28/20,F020T010,NA,NA,NA,NA,NA,NA
4655,3,10/15/20,01/02/17,10/23/18,6,6.1,52,280,309,1,1,A,F,20,30110,4.1,2.9,139,0,34860,0.2,FRESH,0,10/15/20,NA,NA,NA,NA,NA,NA,NA
4655,3,10/15/20,01/02/17,10/23/18,6,6.1,52,280,309,1,1,A,F,20,30110,4.1,2.9,139,0,34860,0.2,MOVE,17,11/01/20,F001T008,NA,NA,NA,NA,NA,NA
4655,3,10/15/20,01/02/17,10/23/18,6,6.1,52,280,309,1,1,A,F,20,30110,4.1,2.9,139,0,34860,0.2,OPEN,77,12/31/20,151AN1474,O,9,D,NA,Josh,NA
4655,3,10/15/20,01/02/17,10/23/18,6,6.1,52,280,309,1,1,A,F,20,30110,4.1,2.9,139,0,34860,0.2,MAST,93,01/16/21,SPRF5,NA,NA,NA,NA,NA,NA
4655,3,10/15/20,01/02/17,10/23/18,6,6.1,52,280,309,1,1,A,F,20,30110,4.1,2.9,139,0,34860,0.2,OPEN,113,02/05/21,7AN476,O,9,2,NA,Josh,NA
4655,3,10/15/20,01/02/17,10/23/18,6,6.1,52,280,309,1,1,A,F,20,30110,4.1,2.9,139,0,34860,0.2,OPEN,148,03/12/21,7AN516,O,9,2,NA,Josh,NA
4655,3,10/15/20,01/02/17,10/23/18,6,6.1,52,280,309,1,1,A,F,20,30110,4.1,2.9,139,0,34860,0.2,OPEN,183,04/16/21,7AN516,O,9,2,NA,Josh,NA
4655,3,10/15/20,01/02/17,10/23/18,6,6.1,52,280,309,1,1,A,F,20,30110,4.1,2.9,139,0,34860,0.2,PREG,218,05/21/21,2AN604,P,8,2,NA,Tyler,NA
4655,3,10/15/20,01/02/17,10/23/18,6,6.1,52,280,309,1,1,A,F,20,30110,4.1,2.9,139,0,34860,0.2,DRY,445,01/03/22,NA,NA,NA,NA,NA,NA,NA
4655,3,10/15/20,01/02/17,10/23/18,6,6.1,52,280,309,1,1,A,F,20,30110,4.1,2.9,139,0,34860,0.2,FOOTRIM,454,01/12/22,T,NA,NA,NA,NA,NA,NA
4655,3,10/15/20,01/02/17,10/23/18,6,6.1,52,280,309,1,1,A,F,20,30110,4.1,2.9,139,0,34860,0.2,MOVE,473,01/31/22,F020T013,NA,NA,NA,NA,NA,NA
4655,4,02/22/22,01/02/17,10/23/18,4,6.1,50,277,445,3,2,AA,MM,43,27510,4.7,2.5,151,0,37420,0.8,FRESH,0,02/22/22,NA,NA,NA,NA,NA,NA,NA
4655,4,02/22/22,01/02/17,10/23/18,4,6.1,50,277,445,3,2,AA,MM,43,27510,4.7,2.5,151,0,37420,0.8,KETOSIS,5,02/27/22,NA,NA,NA,NA,NA,NA,NA
4655,4,02/22/22,01/02/17,10/23/18,4,6.1,50,277,445,3,2,AA,MM,43,27510,4.7,2.5,151,0,37420,0.8,ILLMISC,11,03/05/22,PO27.5/3,NA,NA,NA,NA,NA,NA
4655,4,02/22/22,01/02/17,10/23/18,4,6.1,50,277,445,3,2,AA,MM,43,27510,4.7,2.5,151,0,37420,0.8,MOVE,24,03/18/22,F012T008,NA,NA,NA,NA,NA,NA
4655,4,02/22/22,01/02/17,10/23/18,4,6.1,50,277,445,3,2,AA,MM,43,27510,4.7,2.5,151,0,37420,0.8,OPEN,79,05/12/22,714SM119,O,9,D,NA,Josh,NA
4655,4,02/22/22,01/02/17,10/23/18,4,6.1,50,277,445,3,2,AA,MM,43,27510,4.7,2.5,151,0,37420,0.8,MOVE,105,06/07/22,F008T007,NA,NA,NA,NA,NA,NA
4655,4,02/22/22,01/02/17,10/23/18,4,6.1,50,277,445,3,2,AA,MM,43,27510,4.7,2.5,151,0,37420,0.8,MAST,106,06/08/22,SPRF/5,NA,NA,NA,NA,NA,NA
4655,4,02/22/22,01/02/17,10/23/18,4,6.1,50,277,445,3,2,AA,MM,43,27510,4.7,2.5,151,0,37420,0.8,OPEN,115,06/17/22,714SM119,O,9,2,NA,Josh,NA
4655,4,02/22/22,01/02/17,10/23/18,4,6.1,50,277,445,3,2,AA,MM,43,27510,4.7,2.5,151,0,37420,0.8,MOVE,115,06/17/22,F007T008,NA,NA,NA,NA,NA,NA
4655,4,02/22/22,01/02/17,10/23/18,4,6.1,50,277,445,3,2,AA,MM,43,27510,4.7,2.5,151,0,37420,0.8,OPEN,150,07/22/22,714SM119,O,9,2,NA,Josh,NA
4655,4,02/22/22,01/02/17,10/23/18,4,6.1,50,277,445,3,2,AA,MM,43,27510,4.7,2.5,151,0,37420,0.8,OPEN,185,08/26/22,2SM84,O,9,2,NA,Josh,NA
4655,4,02/22/22,01/02/17,10/23/18,4,6.1,50,277,445,3,2,AA,MM,43,27510,4.7,2.5,151,0,37420,0.8,BRED,227,10/07/22,2SM84,-,9,C,NA,Josh,NA
4666,2,10/30/19,01/19/17,10/28/18,6,3,61,286,306,1,1,A,F,7,27140,4.7,3.8,124,0,32140,2.2,FRESH,0,10/30/19,NA,NA,NA,NA,NA,NA,NA
4666,2,10/30/19,01/19/17,10/28/18,6,3,61,286,306,1,1,A,F,7,27140,4.7,3.8,124,0,32140,2.2,MEASURE,0,10/30/19,1560,NA,NA,NA,NA,NA,NA
4666,2,10/30/19,01/19/17,10/28/18,6,3,61,286,306,1,1,A,F,7,27140,4.7,3.8,124,0,32140,2.2,PREG,78,01/16/20,14H14577,P,6,D,NA,Ben,NA
4666,2,10/30/19,01/19/17,10/28/18,6,3,61,286,306,1,1,A,F,7,27140,4.7,3.8,124,0,32140,2.2,DRY,306,08/31/20,NA,NA,NA,NA,NA,NA,NA
4666,2,10/30/19,01/19/17,10/28/18,6,3,61,286,306,1,1,A,F,7,27140,4.7,3.8,124,0,32140,2.2,MOVE,341,10/05/20,F020T010,NA,NA,NA,NA,NA,NA
4666,3,10/17/20,01/19/17,10/28/18,6,4.2,47,275,306,1,2,AA,FF,18,28010,5.1,3.4,114,0,31090,3.8,FRESH,0,10/17/20,NA,NA,NA,NA,NA,NA,NA
4666,3,10/17/20,01/19/17,10/28/18,6,4.2,47,275,306,1,2,AA,FF,18,28010,5.1,3.4,114,0,31090,3.8,MOVE,23,11/09/20,F001T008,NA,NA,NA,NA,NA,NA
4666,3,10/17/20,01/19/17,10/28/18,6,4.2,47,275,306,1,2,AA,FF,18,28010,5.1,3.4,114,0,31090,3.8,MAST,73,12/29/20,LR5SP,NA,NA,NA,NA,NA,NA
4666,3,10/17/20,01/19/17,10/28/18,6,4.2,47,275,306,1,2,AA,FF,18,28010,5.1,3.4,114,0,31090,3.8,OPEN,75,12/31/20,151AN1474,O,9,D,NA,Josh,NA
4666,3,10/17/20,01/19/17,10/28/18,6,4.2,47,275,306,1,2,AA,FF,18,28010,5.1,3.4,114,0,31090,3.8,OPEN,111,02/05/21,7AN476,O,9,2,NA,Josh,NA
4666,3,10/17/20,01/19/17,10/28/18,6,4.2,47,275,306,1,2,AA,FF,18,28010,5.1,3.4,114,0,31090,3.8,PREG,146,03/12/21,7AN516,P,9,2,NA,Josh,NA
4666,3,10/17/20,01/19/17,10/28/18,6,4.2,47,275,306,1,2,AA,FF,18,28010,5.1,3.4,114,0,31090,3.8,MOVE,223,05/28/21,F008T010,NA,NA,NA,NA,NA,NA
4666,3,10/17/20,01/19/17,10/28/18,6,4.2,47,275,306,1,2,AA,FF,18,28010,5.1,3.4,114,0,31090,3.8,DRY,373,10/25/21,NA,NA,NA,NA,NA,NA,NA
4666,3,10/17/20,01/19/17,10/28/18,6,4.2,47,275,306,1,2,AA,FF,18,28010,5.1,3.4,114,0,31090,3.8,FOOTRIM,382,11/03/21,T,NA,NA,NA,NA,NA,NA
4666,3,10/17/20,01/19/17,10/28/18,6,4.2,47,275,306,1,2,AA,FF,18,28010,5.1,3.4,114,0,31090,3.8,TOCLOSE,408,11/29/21,NA,NA,NA,NA,NA,NA,NA
4666,4,12/19/21,01/19/17,10/28/18,7,4.2,55,282,373,1,1,A,M,17,26950,4.8,3.1,145,8,26700,3.6,FRESH,0,12/19/21,NA,NA,NA,NA,NA,NA,NA
4666,4,12/19/21,01/19/17,10/28/18,7,4.2,55,282,373,1,1,A,M,17,26950,4.8,3.1,145,8,26700,3.6,MOVE,19,01/07/22,F012T008,NA,NA,NA,NA,NA,NA
4666,4,12/19/21,01/19/17,10/28/18,7,4.2,55,282,373,1,1,A,M,17,26950,4.8,3.1,145,8,26700,3.6,PREG,81,03/10/22,2SM84,P,9,D,NA,Josh,NA
4666,4,12/19/21,01/19/17,10/28/18,7,4.2,55,282,373,1,1,A,M,17,26950,4.8,3.1,145,8,26700,3.6,ILLMISC,121,04/19/22,BLV+,NA,NA,NA,NA,NA,NA
4666,4,12/19/21,01/19/17,10/28/18,7,4.2,55,282,373,1,1,A,M,17,26950,4.8,3.1,145,8,26700,3.6,MOVE,216,07/23/22,F008T007,NA,NA,NA,NA,NA,NA
4666,4,12/19/21,01/19/17,10/28/18,7,4.2,55,282,373,1,1,A,M,17,26950,4.8,3.1,145,8,26700,3.6,MOVE,220,07/27/22,F007T014,NA,NA,NA,NA,NA,NA
4666,4,12/19/21,01/19/17,10/28/18,7,4.2,55,282,373,1,1,A,M,17,26950,4.8,3.1,145,8,26700,3.6,SOLD,233,08/09/22,8.84,NA,NA,NA,NA,NA,NA
4668,1,10/30/18,01/20/17,10/30/18,6,0.4,0,277,0,2,1,A,M,8,25720,7.3,3.6,120,0,0,2.4,DRY,349,10/14/19,NA,NA,NA,NA,NA,NA,NA
4668,1,10/30/18,01/20/17,10/30/18,6,0.4,0,277,0,2,1,A,M,8,25720,7.3,3.6,120,0,0,2.4,FOOTRIM,351,10/16/19,T,NA,NA,NA,NA,NA,NA
4668,2,12/10/19,01/20/17,10/30/18,6,2.5,57,284,349,1,1,A,M,28,34640,4.1,3.3,150,0,40350,1.8,FRESH,0,12/10/19,NA,NA,NA,NA,NA,NA,NA
4668,2,12/10/19,01/20/17,10/30/18,6,2.5,57,284,349,1,1,A,M,28,34640,4.1,3.3,150,0,40350,1.8,MEASURE,0,12/10/19,1680,NA,NA,NA,NA,NA,NA
4668,2,12/10/19,01/20/17,10/30/18,6,2.5,57,284,349,1,1,A,M,28,34640,4.1,3.3,150,0,40350,1.8,OPEN,79,02/27/20,507H14408,O,6,D,NA,Ben,NA
4668,2,12/10/19,01/20/17,10/30/18,6,2.5,57,284,349,1,1,A,M,28,34640,4.1,3.3,150,0,40350,1.8,PREG,122,04/10/20,507H14408,P,6,C,NA,Ben,NA
4668,2,12/10/19,01/20/17,10/30/18,6,2.5,57,284,349,1,1,A,M,28,34640,4.1,3.3,150,0,40350,1.8,FOOTRIM,347,11/21/20,DD,NA,NA,NA,NA,NA,NA
4668,2,12/10/19,01/20/17,10/30/18,6,2.5,57,284,349,1,1,A,M,28,34640,4.1,3.3,150,0,40350,1.8,DRY,349,11/23/20,NA,NA,NA,NA,NA,NA,NA
4668,2,12/10/19,01/20/17,10/30/18,6,2.5,57,284,349,1,1,A,M,28,34640,4.1,3.3,150,0,40350,1.8,MOVE,384,12/28/20,F020T010,NA,NA,NA,NA,NA,NA
4668,3,01/10/21,01/20/17,10/30/18,7,4.9,48,275,349,1,1,A,F,24,18660,5.1,3.3,136,6,37870,1.5,FRESH,0,01/10/21,NA,NA,NA,NA,NA,NA,NA
4668,3,01/10/21,01/20/17,10/30/18,7,4.9,48,275,349,1,1,A,F,24,18660,5.1,3.3,136,6,37870,1.5,DA,16,01/26/21,PO20-4,NA,NA,NA,NA,NA,NA
4668,3,01/10/21,01/20/17,10/30/18,7,4.9,48,275,349,1,1,A,F,24,18660,5.1,3.3,136,6,37870,1.5,DA,16,01/26/21,NA,NA,NA,NA,NA,NA,NA
4668,3,01/10/21,01/20/17,10/30/18,7,4.9,48,275,349,1,1,A,F,24,18660,5.1,3.3,136,6,37870,1.5,DA,17,01/27/21,UNK,NA,NA,NA,NA,NA,NA
4668,3,01/10/21,01/20/17,10/30/18,7,4.9,48,275,349,1,1,A,F,24,18660,5.1,3.3,136,6,37870,1.5,MOVE,29,02/08/21,F001T008,NA,NA,NA,NA,NA,NA
4668,3,01/10/21,01/20/17,10/30/18,7,4.9,48,275,349,1,1,A,F,24,18660,5.1,3.3,136,6,37870,1.5,OPEN,89,04/09/21,7AN516,O,9,2,NA,Josh,NA
4668,3,01/10/21,01/20/17,10/30/18,7,4.9,48,275,349,1,1,A,F,24,18660,5.1,3.3,136,6,37870,1.5,OPEN,124,05/14/21,2AN604,O,9,2,NA,Josh,NA
4668,3,01/10/21,01/20/17,10/30/18,7,4.9,48,275,349,1,1,A,F,24,18660,5.1,3.3,136,6,37870,1.5,OPEN,159,06/18/21,7AN582,O,9,2,NA,Josh,NA
4668,3,01/10/21,01/20/17,10/30/18,7,4.9,48,275,349,1,1,A,F,24,18660,5.1,3.3,136,6,37870,1.5,PREG,194,07/23/21,151AN1551,P,9,2,NA,Josh,NA
4668,3,01/10/21,01/20/17,10/30/18,7,4.9,48,275,349,1,1,A,F,24,18660,5.1,3.3,136,6,37870,1.5,DRY,421,03/07/22,NA,NA,NA,NA,NA,NA,NA
4668,3,01/10/21,01/20/17,10/30/18,7,4.9,48,275,349,1,1,A,F,24,18660,5.1,3.3,136,6,37870,1.5,FOOTRIM,423,03/09/22,T,NA,NA,NA,NA,NA,NA
4668,3,01/10/21,01/20/17,10/30/18,7,4.9,48,275,349,1,1,A,F,24,18660,5.1,3.3,136,6,37870,1.5,DIED,426,03/12/22,UNKOWN,NA,NA,NA,NA,NA,NA
4678,2,11/17/19,02/08/17,11/22/18,6,2.1,55,283,305,1,1,A,F,17,27380,4.6,3.4,143,0,32340,2.1,MEASURE,0,11/17/19,1620,NA,NA,NA,NA,NA,NA
4678,2,11/17/19,02/08/17,11/22/18,6,2.1,55,283,305,1,1,A,F,17,27380,4.6,3.4,143,0,32340,2.1,FRESH,0,11/17/19,NA,NA,NA,NA,NA,NA,NA
4678,2,11/17/19,02/08/17,11/22/18,6,2.1,55,283,305,1,1,A,F,17,27380,4.6,3.4,143,0,32340,2.1,PREG,81,02/06/20,14H14690,P,6,D,NA,Ben,NA
4678,2,11/17/19,02/08/17,11/22/18,6,2.1,55,283,305,1,1,A,F,17,27380,4.6,3.4,143,0,32340,2.1,FOOTRIM,93,02/18/20,BLRRLR,NA,NA,NA,NA,NA,NA
4678,2,11/17/19,02/08/17,11/22/18,6,2.1,55,283,305,1,1,A,F,17,27380,4.6,3.4,143,0,32340,2.1,DRY,309,09/21/20,NA,NA,NA,NA,NA,NA,NA
4678,2,11/17/19,02/08/17,11/22/18,6,2.1,55,283,305,1,1,A,F,17,27380,4.6,3.4,143,0,32340,2.1,MOVE,344,10/26/20,F020T010,NA,NA,NA,NA,NA,NA
4678,3,11/16/20,02/08/17,11/22/18,6,2,56,284,309,1,1,A,M,16,24680,4.2,3.3,137,0,35100,1.2,MOVE,-9,11/07/20,F001T008,NA,NA,NA,NA,NA,NA
4678,3,11/16/20,02/08/17,11/22/18,6,2,56,284,309,1,1,A,M,16,24680,4.2,3.3,137,0,35100,1.2,FRESH,0,11/16/20,NA,NA,NA,NA,NA,NA,NA
4678,3,11/16/20,02/08/17,11/22/18,6,2,56,284,309,1,1,A,M,16,24680,4.2,3.3,137,0,35100,1.2,PREG,80,02/04/21,14H14129,P,6,D,NA,Ben,NA
4678,3,11/16/20,02/08/17,11/22/18,6,2,56,284,309,1,1,A,M,16,24680,4.2,3.3,137,0,35100,1.2,DRY,308,09/20/21,NA,NA,NA,NA,NA,NA,NA
4678,3,11/16/20,02/08/17,11/22/18,6,2,56,284,309,1,1,A,M,16,24680,4.2,3.3,137,0,35100,1.2,FOOTRIM,312,09/24/21,T,NA,NA,NA,NA,NA,NA
4678,3,11/16/20,02/08/17,11/22/18,6,2,56,284,309,1,1,A,M,16,24680,4.2,3.3,137,0,35100,1.2,MOVE,342,10/24/21,F020T013,NA,NA,NA,NA,NA,NA
4678,4,10/29/21,02/08/17,11/22/18,1,2,39,267,308,1,2,DD,FF,33,24380,4.4,3.2,110,0,31280,1.3,FRESH,0,10/29/21,NA,NA,NA,NA,NA,NA,NA
4678,4,10/29/21,02/08/17,11/22/18,1,2,39,267,308,1,2,DD,FF,33,24380,4.4,3.2,110,0,31280,1.3,ILLMISC,3,11/01/21,BANIV12,NA,NA,NA,NA,NA,NA
4678,4,10/29/21,02/08/17,11/22/18,1,2,39,267,308,1,2,DD,FF,33,24380,4.4,3.2,110,0,31280,1.3,ILLMISC,3,11/01/21,PO30/4,NA,NA,NA,NA,NA,NA
4678,4,10/29/21,02/08/17,11/22/18,1,2,39,267,308,1,2,DD,FF,33,24380,4.4,3.2,110,0,31280,1.3,KETOSIS,5,11/03/21,NA,NA,NA,NA,NA,NA,NA
4678,4,10/29/21,02/08/17,11/22/18,1,2,39,267,308,1,2,DD,FF,33,24380,4.4,3.2,110,0,31280,1.3,MOVE,20,11/18/21,F001T008,NA,NA,NA,NA,NA,NA
4678,4,10/29/21,02/08/17,11/22/18,1,2,39,267,308,1,2,DD,FF,33,24380,4.4,3.2,110,0,31280,1.3,OPEN,76,01/13/22,2SM84,O,9,D,NA,Josh,NA
4678,4,10/29/21,02/08/17,11/22/18,1,2,39,267,308,1,2,DD,FF,33,24380,4.4,3.2,110,0,31280,1.3,DNB,151,03/29/22,METRITIS,NA,NA,NA,NA,NA,NA
4678,4,10/29/21,02/08/17,11/22/18,1,2,39,267,308,1,2,DD,FF,33,24380,4.4,3.2,110,0,31280,1.3,MOVE,200,05/17/22,F008T012,NA,NA,NA,NA,NA,NA
4678,4,10/29/21,02/08/17,11/22/18,1,2,39,267,308,1,2,DD,FF,33,24380,4.4,3.2,110,0,31280,1.3,MOVE,218,06/04/22,F012T008,NA,NA,NA,NA,NA,NA
4700,1,12/12/18,03/05/17,12/12/18,6,4.6,0,279,0,1,1,A,M,21,29210,4,3.1,124,0,0,0.7,DRY,404,01/20/20,NA,NA,NA,NA,NA,NA,NA
4700,1,12/12/18,03/05/17,12/12/18,6,4.6,0,279,0,1,1,A,M,21,29210,4,3.1,124,0,0,0.7,FOOTRIM,407,01/23/20,DD,NA,NA,NA,NA,NA,NA
4700,2,03/18/20,03/05/17,12/12/18,6,1.7,58,278,404,1,1,A,F,14,26940,4.5,3,145,0,39300,2.4,FRESH,0,03/18/20,NA,NA,NA,NA,NA,NA,NA
4700,2,03/18/20,03/05/17,12/12/18,6,1.7,58,278,404,1,1,A,F,14,26940,4.5,3,145,0,39300,2.4,PREG,78,06/04/20,14H14823,P,6,D,NA,Ben,NA
4700,2,03/18/20,03/05/17,12/12/18,6,1.7,58,278,404,1,1,A,F,14,26940,4.5,3,145,0,39300,2.4,DRY,306,01/18/21,NA,NA,NA,NA,NA,NA,NA
4700,2,03/18/20,03/05/17,12/12/18,6,1.7,58,278,404,1,1,A,F,14,26940,4.5,3,145,0,39300,2.4,FOOTRIM,321,02/02/21,T,NA,NA,NA,NA,NA,NA
4700,2,03/18/20,03/05/17,12/12/18,6,1.7,58,278,404,1,1,A,F,14,26940,4.5,3,145,0,39300,2.4,MOVE,341,02/22/21,F020T010,NA,NA,NA,NA,NA,NA
4700,3,03/13/21,03/05/17,12/12/18,6,6.5,54,282,306,1,1,A,F,25,31070,5,2.6,139,0,36600,7.4,FRESH,0,03/13/21,NA,NA,NA,NA,NA,NA,NA
4700,3,03/13/21,03/05/17,12/12/18,6,6.5,54,282,306,1,1,A,F,25,31070,5,2.6,139,0,36600,7.4,MOVE,23,04/05/21,F001T008,NA,NA,NA,NA,NA,NA
4700,3,03/13/21,03/05/17,12/12/18,6,6.5,54,282,306,1,1,A,F,25,31070,5,2.6,139,0,36600,7.4,KETOSIS,29,04/11/21,NA,NA,NA,NA,NA,NA,NA
4700,3,03/13/21,03/05/17,12/12/18,6,6.5,54,282,306,1,1,A,F,25,31070,5,2.6,139,0,36600,7.4,DA,30,04/12/21,KETOSIS,NA,NA,NA,NA,NA,NA
4700,3,03/13/21,03/05/17,12/12/18,6,6.5,54,282,306,1,1,A,F,25,31070,5,2.6,139,0,36600,7.4,DA,30,04/12/21,EXC24,NA,NA,NA,NA,NA,NA
4700,3,03/13/21,03/05/17,12/12/18,6,6.5,54,282,306,1,1,A,F,25,31070,5,2.6,139,0,36600,7.4,MAST,39,04/21/21,SPALL3,NA,NA,NA,NA,NA,NA
4700,3,03/13/21,03/05/17,12/12/18,6,6.5,54,282,306,1,1,A,F,25,31070,5,2.6,139,0,36600,7.4,OPEN,75,05/27/21,7AN582,O,9,D,NA,Josh,NA
4700,3,03/13/21,03/05/17,12/12/18,6,6.5,54,282,306,1,1,A,F,25,31070,5,2.6,139,0,36600,7.4,OPEN,111,07/02/21,7AN582,O,8,2,NA,Tyler,NA
4700,3,03/13/21,03/05/17,12/12/18,6,6.5,54,282,306,1,1,A,F,25,31070,5,2.6,139,0,36600,7.4,OPEN,146,08/06/21,151AN1551,O,9,2,NA,Josh,NA
4700,3,03/13/21,03/05/17,12/12/18,6,6.5,54,282,306,1,1,A,F,25,31070,5,2.6,139,0,36600,7.4,MAST,150,08/10/21,BAN12IV,NA,NA,NA,NA,NA,NA
4700,3,03/13/21,03/05/17,12/12/18,6,6.5,54,282,306,1,1,A,F,25,31070,5,2.6,139,0,36600,7.4,OPEN,168,08/28/21,14H15154,O,9,L,NA,Josh,NA
4700,3,03/13/21,03/05/17,12/12/18,6,6.5,54,282,306,1,1,A,F,25,31070,5,2.6,139,0,36600,7.4,PREG,181,09/10/21,151AN1551,P,9,2,NA,Josh,NA
4700,3,03/13/21,03/05/17,12/12/18,6,6.5,54,282,306,1,1,A,F,25,31070,5,2.6,139,0,36600,7.4,DRY,408,04/25/22,NA,NA,NA,NA,NA,NA,NA
4700,3,03/13/21,03/05/17,12/12/18,6,6.5,54,282,306,1,1,A,F,25,31070,5,2.6,139,0,36600,7.4,FOOTRIM,417,05/04/22,T,NA,NA,NA,NA,NA,NA
4700,3,03/13/21,03/05/17,12/12/18,6,6.5,54,282,306,1,1,A,F,25,31070,5,2.6,139,0,36600,7.4,TOCLOSE,436,05/23/22,NA,NA,NA,NA,NA,NA,NA
4700,4,06/15/22,03/05/17,12/12/18,4,6.5,51,278,408,1,1,A,M,21,21100,4.9,2.7,138,0,33570,6.3,FRESH,0,06/15/22,NA,NA,NA,NA,NA,NA,NA
4700,4,06/15/22,03/05/17,12/12/18,4,6.5,51,278,408,1,1,A,M,21,21100,4.9,2.7,138,0,33570,6.3,KETOSIS,3,06/18/22,IVDXT,NA,NA,NA,NA,NA,NA
4700,4,06/15/22,03/05/17,12/12/18,4,6.5,51,278,408,1,1,A,M,21,21100,4.9,2.7,138,0,33570,6.3,MOVE,3,06/18/22,F012T007,NA,NA,NA,NA,NA,NA
4700,4,06/15/22,03/05/17,12/12/18,4,6.5,51,278,408,1,1,A,M,21,21100,4.9,2.7,138,0,33570,6.3,KETOSIS,4,06/19/22,IVDXT,NA,NA,NA,NA,NA,NA
4700,4,06/15/22,03/05/17,12/12/18,4,6.5,51,278,408,1,1,A,M,21,21100,4.9,2.7,138,0,33570,6.3,KETOSIS,6,06/21/22,IVDXT,NA,NA,NA,NA,NA,NA
4700,4,06/15/22,03/05/17,12/12/18,4,6.5,51,278,408,1,1,A,M,21,21100,4.9,2.7,138,0,33570,6.3,MAST,7,06/22/22,SPRF5LR3,NA,NA,NA,NA,NA,NA
4700,4,06/15/22,03/05/17,12/12/18,4,6.5,51,278,408,1,1,A,M,21,21100,4.9,2.7,138,0,33570,6.3,ILLMISC,10,06/25/22,PO28/4,NA,NA,NA,NA,NA,NA
4700,4,06/15/22,03/05/17,12/12/18,4,6.5,51,278,408,1,1,A,M,21,21100,4.9,2.7,138,0,33570,6.3,MOVE,15,06/30/22,F007T012,NA,NA,NA,NA,NA,NA
4700,4,06/15/22,03/05/17,12/12/18,4,6.5,51,278,408,1,1,A,M,21,21100,4.9,2.7,138,0,33570,6.3,MOVE,23,07/08/22,F012T008,NA,NA,NA,NA,NA,NA
4700,4,06/15/22,03/05/17,12/12/18,4,6.5,51,278,408,1,1,A,M,21,21100,4.9,2.7,138,0,33570,6.3,OPEN,78,09/01/22,2SM84,O,9,D,NA,Josh,NA
4700,4,06/15/22,03/05/17,12/12/18,4,6.5,51,278,408,1,1,A,M,21,21100,4.9,2.7,138,0,33570,6.3,MOVE,113,10/06/22,F008T007,NA,NA,NA,NA,NA,NA
4700,4,06/15/22,03/05/17,12/12/18,4,6.5,51,278,408,1,1,A,M,21,21100,4.9,2.7,138,0,33570,6.3,BRED,114,10/07/22,2SM84,-,9,2,NA,Josh,NA
4724,1,01/22/19,04/11/17,01/22/19,6,1.8,0,277,0,1,1,A,F,15,30430,3.1,3.2,120,0,0,2.5,DRY,293,11/11/19,NA,NA,NA,NA,NA,NA,NA
4724,1,01/22/19,04/11/17,01/22/19,6,1.8,0,277,0,1,1,A,F,15,30430,3.1,3.2,120,0,0,2.5,FOOTRIM,300,11/18/19,RFDD,NA,NA,NA,NA,NA,NA
4724,2,01/15/20,04/11/17,01/22/19,6,4.1,65,279,293,1,1,A,M,21,31490,3.6,2.8,132,0,38900,2.1,FRESH,0,01/15/20,NA,NA,NA,NA,NA,NA,NA
4724,2,01/15/20,04/11/17,01/22/19,6,4.1,65,279,293,1,1,A,M,21,31490,3.6,2.8,132,0,38900,2.1,WEIGHT,0,01/15/20,1700,NA,NA,NA,NA,NA,NA
4724,2,01/15/20,04/11/17,01/22/19,6,4.1,65,279,293,1,1,A,M,21,31490,3.6,2.8,132,0,38900,2.1,OPEN,78,04/02/20,614H14690,O,6,D,NA,Ben,NA
4724,2,01/15/20,04/11/17,01/22/19,6,4.1,65,279,293,1,1,A,M,21,31490,3.6,2.8,132,0,38900,2.1,PREG,114,05/08/20,14H14823,P,6,2,NA,Ben,NA
4724,2,01/15/20,04/11/17,01/22/19,6,4.1,65,279,293,1,1,A,M,21,31490,3.6,2.8,132,0,38900,2.1,FOOTRIM,146,06/09/20,BR,NA,NA,NA,NA,NA,NA
4724,2,01/15/20,04/11/17,01/22/19,6,4.1,65,279,293,1,1,A,M,21,31490,3.6,2.8,132,0,38900,2.1,DRY,341,12/21/20,NA,NA,NA,NA,NA,NA,NA
4724,2,01/15/20,04/11/17,01/22/19,6,4.1,65,279,293,1,1,A,M,21,31490,3.6,2.8,132,0,38900,2.1,FOOTRIM,366,01/15/21,T,NA,NA,NA,NA,NA,NA
4724,2,01/15/20,04/11/17,01/22/19,6,4.1,65,279,293,1,1,A,M,21,31490,3.6,2.8,132,0,38900,2.1,MOVE,376,01/25/21,F020T010,NA,NA,NA,NA,NA,NA
4724,3,02/10/21,04/11/17,01/22/19,6,6.6,51,278,341,1,1,A,F,21,25750,4.4,2.8,133,0,37060,0.1,FRESH,0,02/10/21,NA,NA,NA,NA,NA,NA,NA
4724,3,02/10/21,04/11/17,01/22/19,6,6.6,51,278,341,1,1,A,F,21,25750,4.4,2.8,133,0,37060,0.1,MOVE,19,03/01/21,F001T008,NA,NA,NA,NA,NA,NA
4724,3,02/10/21,04/11/17,01/22/19,6,6.6,51,278,341,1,1,A,F,21,25750,4.4,2.8,133,0,37060,0.1,PREG,77,04/28/21,7AN516,P,9,S,NA,Josh,NA
4724,3,02/10/21,04/11/17,01/22/19,6,6.6,51,278,341,1,1,A,F,21,25750,4.4,2.8,133,0,37060,0.1,MOVE,191,08/20/21,F008T007,NA,NA,NA,NA,NA,NA
4724,3,02/10/21,04/11/17,01/22/19,6,6.6,51,278,341,1,1,A,F,21,25750,4.4,2.8,133,0,37060,0.1,MAST,193,08/22/21,SPLRRR3,NA,NA,NA,NA,NA,NA
4724,3,02/10/21,04/11/17,01/22/19,6,6.6,51,278,341,1,1,A,F,21,25750,4.4,2.8,133,0,37060,0.1,MAST,248,10/16/21,SPALL5,NA,NA,NA,NA,NA,NA
4724,3,02/10/21,04/11/17,01/22/19,6,6.6,51,278,341,1,1,A,F,21,25750,4.4,2.8,133,0,37060,0.1,MOVE,250,10/18/21,F008T007,NA,NA,NA,NA,NA,NA
4724,3,02/10/21,04/11/17,01/22/19,6,6.6,51,278,341,1,1,A,F,21,25750,4.4,2.8,133,0,37060,0.1,MOVE,256,10/24/21,F001T008,NA,NA,NA,NA,NA,NA
4724,3,02/10/21,04/11/17,01/22/19,6,6.6,51,278,341,1,1,A,F,21,25750,4.4,2.8,133,0,37060,0.1,MOVE,279,11/16/21,F008T010,NA,NA,NA,NA,NA,NA
4724,3,02/10/21,04/11/17,01/22/19,6,6.6,51,278,341,1,1,A,F,21,25750,4.4,2.8,133,0,37060,0.1,DRY,306,12/13/21,NA,NA,NA,NA,NA,NA,NA
4724,3,02/10/21,04/11/17,01/22/19,6,6.6,51,278,341,1,1,A,F,21,25750,4.4,2.8,133,0,37060,0.1,FOOTRIM,308,12/15/21,DD,NA,NA,NA,NA,NA,NA
4724,3,02/10/21,04/11/17,01/22/19,6,6.6,51,278,341,1,1,A,F,21,25750,4.4,2.8,133,0,37060,0.1,TOCLOSE,334,01/10/22,NA,NA,NA,NA,NA,NA,NA
4724,4,01/31/22,04/11/17,01/22/19,7,6.6,49,0,306,1,1,A,M,30,30520,4.2,2.7,136,3,31490,0.7,FRESH,0,01/31/22,NA,NA,NA,NA,NA,NA,NA
4724,4,01/31/22,04/11/17,01/22/19,7,6.6,49,0,306,1,1,A,M,30,30520,4.2,2.7,136,3,31490,0.7,METR,3,02/03/22,EXC27/1,NA,NA,NA,NA,NA,NA
4724,4,01/31/22,04/11/17,01/22/19,7,6.6,49,0,306,1,1,A,M,30,30520,4.2,2.7,136,3,31490,0.7,METR,6,02/06/22,EXC27/2,NA,NA,NA,NA,NA,NA
4724,4,01/31/22,04/11/17,01/22/19,7,6.6,49,0,306,1,1,A,M,30,30520,4.2,2.7,136,3,31490,0.7,METR,7,02/07/22,PO27/4,NA,NA,NA,NA,NA,NA
4724,4,01/31/22,04/11/17,01/22/19,7,6.6,49,0,306,1,1,A,M,30,30520,4.2,2.7,136,3,31490,0.7,MOVE,9,02/09/22,F012T007,NA,NA,NA,NA,NA,NA
4724,4,01/31/22,04/11/17,01/22/19,7,6.6,49,0,306,1,1,A,M,30,30520,4.2,2.7,136,3,31490,0.7,MOVE,14,02/14/22,F007T012,NA,NA,NA,NA,NA,NA
4724,4,01/31/22,04/11/17,01/22/19,7,6.6,49,0,306,1,1,A,M,30,30520,4.2,2.7,136,3,31490,0.7,MOVE,18,02/18/22,F012T008,NA,NA,NA,NA,NA,NA
4724,4,01/31/22,04/11/17,01/22/19,7,6.6,49,0,306,1,1,A,M,30,30520,4.2,2.7,136,3,31490,0.7,PREG,80,04/21/22,2SM84,A,9,D,NA,Josh,NA
4724,4,01/31/22,04/11/17,01/22/19,7,6.6,49,0,306,1,1,A,M,30,30520,4.2,2.7,136,3,31490,0.7,FOOTRIM,120,05/31/22,T,NA,NA,NA,NA,NA,NA
4724,4,01/31/22,04/11/17,01/22/19,7,6.6,49,0,306,1,1,A,M,30,30520,4.2,2.7,136,3,31490,0.7,HEIGHT,129,06/09/22,59.5,NA,NA,NA,NA,NA,NA
4724,4,01/31/22,04/11/17,01/22/19,7,6.6,49,0,306,1,1,A,M,30,30520,4.2,2.7,136,3,31490,0.7,WEIGHT,129,06/09/22,1730,NA,NA,NA,NA,NA,NA
4724,4,01/31/22,04/11/17,01/22/19,7,6.6,49,0,306,1,1,A,M,30,30520,4.2,2.7,136,3,31490,0.7,ABORT,131,06/11/22,CIDR,NA,NA,NA,NA,NA,NA
4724,4,01/31/22,04/11/17,01/22/19,7,6.6,49,0,306,1,1,A,M,30,30520,4.2,2.7,136,3,31490,0.7,BRED,151,07/01/22,714SM119,-,9,C,NA,Josh,NA
4724,4,01/31/22,04/11/17,01/22/19,7,6.6,49,0,306,1,1,A,M,30,30520,4.2,2.7,136,3,31490,0.7,SOLD,176,07/26/22,3.30,NA,NA,NA,NA,NA,NA
4772,1,03/21/19,06/18/17,03/21/19,6,0.9,0,273,0,1,1,A,F,13,24810,4.8,3.3,96,0,0,2,DRY,291,01/06/20,NA,NA,NA,NA,NA,NA,NA
4772,1,03/21/19,06/18/17,03/21/19,6,0.9,0,273,0,1,1,A,F,13,24810,4.8,3.3,96,0,0,2,FOOTRIM,299,01/14/20,T,NA,NA,NA,NA,NA,NA
4772,2,03/07/20,06/18/17,03/21/19,6,5.5,61,275,291,1,1,A,F,25,26930,4.1,3.1,120,0,31410,1.5,FRESH,0,03/07/20,NA,NA,NA,NA,NA,NA,NA
4772,2,03/07/20,06/18/17,03/21/19,6,5.5,61,275,291,1,1,A,F,25,26930,4.1,3.1,120,0,31410,1.5,PREG,75,05/21/20,7AN408,P,6,D,NA,Ben,NA
4772,2,03/07/20,06/18/17,03/21/19,6,5.5,61,275,291,1,1,A,F,25,26930,4.1,3.1,120,0,31410,1.5,MOVE,234,10/27/20,F004T000,NA,NA,NA,NA,NA,NA
4772,2,03/07/20,06/18/17,03/21/19,6,5.5,61,275,291,1,1,A,F,25,26930,4.1,3.1,120,0,31410,1.5,DRY,303,01/04/21,NA,NA,NA,NA,NA,NA,NA
4772,2,03/07/20,06/18/17,03/21/19,6,5.5,61,275,291,1,1,A,F,25,26930,4.1,3.1,120,0,31410,1.5,FOOTRIM,314,01/15/21,T,NA,NA,NA,NA,NA,NA
4772,2,03/07/20,06/18/17,03/21/19,6,5.5,61,275,291,1,1,A,F,25,26930,4.1,3.1,120,0,31410,1.5,MOVE,338,02/08/21,F020T010,NA,NA,NA,NA,NA,NA
4772,3,02/28/21,06/18/17,03/21/19,6,2.8,55,283,303,1,1,A,F,38,24200,3.3,3.1,124,0,31060,0.2,FRESH,0,02/28/21,NA,NA,NA,NA,NA,NA,NA
4772,3,02/28/21,06/18/17,03/21/19,6,2.8,55,283,303,1,1,A,F,38,24200,3.3,3.1,124,0,31060,0.2,KETOSIS,10,03/10/21,NA,NA,NA,NA,NA,NA,NA
4772,3,02/28/21,06/18/17,03/21/19,6,2.8,55,283,303,1,1,A,F,38,24200,3.3,3.1,124,0,31060,0.2,MOVE,22,03/22/21,F001T008,NA,NA,NA,NA,NA,NA
4772,3,02/28/21,06/18/17,03/21/19,6,2.8,55,283,303,1,1,A,F,38,24200,3.3,3.1,124,0,31060,0.2,PREG,81,05/20/21,614H15519,P,9,D,NA,Josh,NA
4772,3,02/28/21,06/18/17,03/21/19,6,2.8,55,283,303,1,1,A,F,38,24200,3.3,3.1,124,0,31060,0.2,DRY,309,01/03/22,NA,NA,NA,NA,NA,NA,NA
4772,3,02/28/21,06/18/17,03/21/19,6,2.8,55,283,303,1,1,A,F,38,24200,3.3,3.1,124,0,31060,0.2,FOOTRIM,318,01/12/22,T,NA,NA,NA,NA,NA,NA
4772,3,02/28/21,06/18/17,03/21/19,6,2.8,55,283,303,1,1,A,F,38,24200,3.3,3.1,124,0,31060,0.2,MOVE,337,01/31/22,F020T013,NA,NA,NA,NA,NA,NA
4772,4,02/19/22,06/18/17,03/21/19,5,2.8,47,275,309,1,1,A,F,11,24240,6.3,3.1,105,0,30150,0.2,FRESH,0,02/19/22,NA,NA,NA,NA,NA,NA,NA
4772,4,02/19/22,06/18/17,03/21/19,5,2.8,47,275,309,1,1,A,F,11,24240,6.3,3.1,105,0,30150,0.2,MOVE,20,03/11/22,F012T008,NA,NA,NA,NA,NA,NA
4772,4,02/19/22,06/18/17,03/21/19,5,2.8,47,275,309,1,1,A,F,11,24240,6.3,3.1,105,0,30150,0.2,PREG,75,05/05/22,614H1551,P,9,D,NA,Josh,NA
4772,4,02/19/22,06/18/17,03/21/19,5,2.8,47,275,309,1,1,A,F,11,24240,6.3,3.1,105,0,30150,0.2,HEIGHT,110,06/09/22,60.25,NA,NA,NA,NA,NA,NA
4772,4,02/19/22,06/18/17,03/21/19,5,2.8,47,275,309,1,1,A,F,11,24240,6.3,3.1,105,0,30150,0.2,WEIGHT,110,06/09/22,2007,NA,NA,NA,NA,NA,NA
4772,4,02/19/22,06/18/17,03/21/19,5,2.8,47,275,309,1,1,A,F,11,24240,6.3,3.1,105,0,30150,0.2,MAST,193,08/31/22,CSPLF3LR,NA,NA,NA,NA,NA,NA
4772,4,02/19/22,06/18/17,03/21/19,5,2.8,47,275,309,1,1,A,F,11,24240,6.3,3.1,105,0,30150,0.2,MOVE,194,09/01/22,F008T007,NA,NA,NA,NA,NA,NA
4772,4,02/19/22,06/18/17,03/21/19,5,2.8,47,275,309,1,1,A,F,11,24240,6.3,3.1,105,0,30150,0.2,MAST,207,09/14/22,CSPLRRR3,NA,NA,NA,NA,NA,NA
4772,4,02/19/22,06/18/17,03/21/19,5,2.8,47,275,309,1,1,A,F,11,24240,6.3,3.1,105,0,30150,0.2,MOVE,223,09/30/22,F007T008,NA,NA,NA,NA,NA,NA
4834,1,06/29/19,09/03/17,06/29/19,6,2.6,0,275,0,1,1,A,F,39,30850,3.3,2.9,102,0,0,3.4,DRY,289,04/13/20,NA,NA,NA,NA,NA,NA,NA
4834,1,06/29/19,09/03/17,06/29/19,6,2.6,0,275,0,1,1,A,F,39,30850,3.3,2.9,102,0,0,3.4,FOOTRIM,291,04/15/20,DD,NA,NA,NA,NA,NA,NA
4834,2,06/14/20,09/03/17,06/29/19,6,0.4,62,276,289,1,1,A,M,17,28690,4,2.7,135,0,33980,2,FRESH,0,06/14/20,NA,NA,NA,NA,NA,NA,NA
4834,2,06/14/20,09/03/17,06/29/19,6,0.4,62,276,289,1,1,A,M,17,28690,4,2.7,135,0,33980,2,MOVE,22,07/06/20,F001T011,NA,NA,NA,NA,NA,NA
4834,2,06/14/20,09/03/17,06/29/19,6,0.4,62,276,289,1,1,A,M,17,28690,4,2.7,135,0,33980,2,OPEN,82,09/04/20,61H14129,O,6,D,NA,Ben,NA
4834,2,06/14/20,09/03/17,06/29/19,6,0.4,62,276,289,1,1,A,M,17,28690,4,2.7,135,0,33980,2,PREG,117,10/09/20,14H14587,P,6,2,NA,Ben,NA
4834,2,06/14/20,09/03/17,06/29/19,6,0.4,62,276,289,1,1,A,M,17,28690,4,2.7,135,0,33980,2,DRY,344,05/24/21,NA,NA,NA,NA,NA,NA,NA
4834,2,06/14/20,09/03/17,06/29/19,6,0.4,62,276,289,1,1,A,M,17,28690,4,2.7,135,0,33980,2,FOOTRIM,360,06/09/21,T,NA,NA,NA,NA,NA,NA
4834,2,06/14/20,09/03/17,06/29/19,6,0.4,62,276,289,1,1,A,M,17,28690,4,2.7,135,0,33980,2,TOCLOSE,379,06/28/21,NA,NA,NA,NA,NA,NA,NA
4834,3,07/12/21,09/03/17,06/29/19,7,0.4,49,276,344,1,1,A,M,23,25910,3.2,2.8,114,6,38210,0.7,FRESH,0,07/12/21,NA,NA,NA,NA,NA,NA,NA
4834,3,07/12/21,09/03/17,06/29/19,7,0.4,49,276,344,1,1,A,M,23,25910,3.2,2.8,114,6,38210,0.7,MOVE,21,08/02/21,F001T008,NA,NA,NA,NA,NA,NA
4834,3,07/12/21,09/03/17,06/29/19,7,0.4,49,276,344,1,1,A,M,23,25910,3.2,2.8,114,6,38210,0.7,PREG,80,09/30/21,614H15274,P,9,D,NA,Josh,NA
4834,3,07/12/21,09/03/17,06/29/19,7,0.4,49,276,344,1,1,A,M,23,25910,3.2,2.8,114,6,38210,0.7,MOVE,225,02/22/22,F008T007,NA,NA,NA,NA,NA,NA
4834,3,07/12/21,09/03/17,06/29/19,7,0.4,49,276,344,1,1,A,M,23,25910,3.2,2.8,114,6,38210,0.7,LAME,225,02/22/22,PO25.5/5,NA,NA,NA,NA,NA,NA
4834,3,07/12/21,09/03/17,06/29/19,7,0.4,49,276,344,1,1,A,M,23,25910,3.2,2.8,114,6,38210,0.7,LAME,230,02/27/22,LA20085,NA,NA,NA,NA,NA,NA
4834,3,07/12/21,09/03/17,06/29/19,7,0.4,49,276,344,1,1,A,M,23,25910,3.2,2.8,114,6,38210,0.7,LAME,233,03/02/22,LA20085,NA,NA,NA,NA,NA,NA
4834,3,07/12/21,09/03/17,06/29/19,7,0.4,49,276,344,1,1,A,M,23,25910,3.2,2.8,114,6,38210,0.7,FOOTRIM,240,03/09/22,-BLOCK,NA,NA,NA,NA,NA,NA
4834,3,07/12/21,09/03/17,06/29/19,7,0.4,49,276,344,1,1,A,M,23,25910,3.2,2.8,114,6,38210,0.7,DIED,254,03/23/22,EUTHANFW,NA,NA,NA,NA,NA,NA
4952,0,00000000,02/25/18,00000000,5,0,0,0,0,1,0,-,-,0,0,0,0,0,0,0,0,FOOTRIM,641,11/28/19,DD,NA,NA,NA,NA,NA,NA
4952,1,01/03/20,02/25/18,01/03/20,6,0.4,0,281,0,1,1,A,M,33,22240,3.9,3.2,81,0,0,0.1,MEASURE,0,01/03/20,1220,NA,NA,NA,NA,NA,NA
4952,1,01/03/20,02/25/18,01/03/20,6,0.4,0,281,0,1,1,A,M,33,22240,3.9,3.2,81,0,0,0.1,FRESH,0,01/03/20,NA,NA,NA,NA,NA,NA,NA
4952,1,01/03/20,02/25/18,01/03/20,6,0.4,0,281,0,1,1,A,M,33,22240,3.9,3.2,81,0,0,0.1,RP,1,01/04/20,UNK,NA,NA,NA,NA,NA,NA
4952,1,01/03/20,02/25/18,01/03/20,6,0.4,0,281,0,1,1,A,M,33,22240,3.9,3.2,81,0,0,0.1,METR,4,01/07/20,PO/4/20,NA,NA,NA,NA,NA,NA
4952,1,01/03/20,02/25/18,01/03/20,6,0.4,0,281,0,1,1,A,M,33,22240,3.9,3.2,81,0,0,0.1,METR,5,01/08/20,PO/4/20,NA,NA,NA,NA,NA,NA
4952,1,01/03/20,02/25/18,01/03/20,6,0.4,0,281,0,1,1,A,M,33,22240,3.9,3.2,81,0,0,0.1,OPEN,76,03/19/20,507H13866,O,6,D,NA,Ben,NA
4952,1,01/03/20,02/25/18,01/03/20,6,0.4,0,281,0,1,1,A,M,33,22240,3.9,3.2,81,0,0,0.1,OPEN,112,04/24/20,507H13866,O,6,2,NA,Ben,NA
4952,1,01/03/20,02/25/18,01/03/20,6,0.4,0,281,0,1,1,A,M,33,22240,3.9,3.2,81,0,0,0.1,OPEN,147,05/29/20,507H13866,O,6,2,NA,Ben,NA
4952,1,01/03/20,02/25/18,01/03/20,6,0.4,0,281,0,1,1,A,M,33,22240,3.9,3.2,81,0,0,0.1,PREG,182,07/03/20,7H14160,P,6,2,NA,Ben,NA
4952,1,01/03/20,02/25/18,01/03/20,6,0.4,0,281,0,1,1,A,M,33,22240,3.9,3.2,81,0,0,0.1,DRY,402,02/08/21,NA,NA,NA,NA,NA,NA,NA
4952,1,01/03/20,02/25/18,01/03/20,6,0.4,0,281,0,1,1,A,M,33,22240,3.9,3.2,81,0,0,0.1,FOOTRIM,402,02/08/21,DD,NA,NA,NA,NA,NA,NA
4952,1,01/03/20,02/25/18,01/03/20,6,0.4,0,281,0,1,1,A,M,33,22240,3.9,3.2,81,0,0,0.1,MOVE,444,03/22/21,F006T010,NA,NA,NA,NA,NA,NA
4952,2,04/06/21,02/25/18,01/03/20,6,0.4,57,277,402,1,1,A,M,29,23130,2.7,2.8,95,0,29000,2.3,FRESH,0,04/06/21,NA,NA,NA,NA,NA,NA,NA
4952,2,04/06/21,02/25/18,01/03/20,6,0.4,57,277,402,1,1,A,M,29,23130,2.7,2.8,95,0,29000,2.3,KETOSIS,8,04/14/21,EXC21-1,NA,NA,NA,NA,NA,NA
4952,2,04/06/21,02/25/18,01/03/20,6,0.4,57,277,402,1,1,A,M,29,23130,2.7,2.8,95,0,29000,2.3,KETOSIS,11,04/17/21,EXC21-2,NA,NA,NA,NA,NA,NA
4952,2,04/06/21,02/25/18,01/03/20,6,0.4,57,277,402,1,1,A,M,29,23130,2.7,2.8,95,0,29000,2.3,KETOSIS,17,04/23/21,EXC21--2,NA,NA,NA,NA,NA,NA
4952,2,04/06/21,02/25/18,01/03/20,6,0.4,57,277,402,1,1,A,M,29,23130,2.7,2.8,95,0,29000,2.3,KETOSIS,19,04/25/21,NA,NA,NA,NA,NA,NA,NA
4952,2,04/06/21,02/25/18,01/03/20,6,0.4,57,277,402,1,1,A,M,29,23130,2.7,2.8,95,0,29000,2.3,ILLMISC,23,04/29/21,ALBON21,NA,NA,NA,NA,NA,NA
4952,2,04/06/21,02/25/18,01/03/20,6,0.4,57,277,402,1,1,A,M,29,23130,2.7,2.8,95,0,29000,2.3,PREG,79,06/24/21,7AN582,P,9,D,NA,Josh,NA
4952,2,04/06/21,02/25/18,01/03/20,6,0.4,57,277,402,1,1,A,M,29,23130,2.7,2.8,95,0,29000,2.3,FOOTRIM,136,08/20/21,DD,NA,NA,NA,NA,NA,NA
4952,2,04/06/21,02/25/18,01/03/20,6,0.4,57,277,402,1,1,A,M,29,23130,2.7,2.8,95,0,29000,2.3,MOVE,276,01/07/22,F011T007,NA,NA,NA,NA,NA,NA
4952,2,04/06/21,02/25/18,01/03/20,6,0.4,57,277,402,1,1,A,M,29,23130,2.7,2.8,95,0,29000,2.3,FOOTRIM,298,01/29/22,DD,NA,NA,NA,NA,NA,NA
4952,2,04/06/21,02/25/18,01/03/20,6,0.4,57,277,402,1,1,A,M,29,23130,2.7,2.8,95,0,29000,2.3,DRY,314,02/14/22,NA,NA,NA,NA,NA,NA,NA
4952,2,04/06/21,02/25/18,01/03/20,6,0.4,57,277,402,1,1,A,M,29,23130,2.7,2.8,95,0,29000,2.3,FOOTRIM,325,02/25/22,DD,NA,NA,NA,NA,NA,NA
4952,2,04/06/21,02/25/18,01/03/20,6,0.4,57,277,402,1,1,A,M,29,23130,2.7,2.8,95,0,29000,2.3,TOCLOSE,335,03/07/22,NA,NA,NA,NA,NA,NA,NA
4952,3,04/04/22,02/25/18,01/03/20,5,0.4,49,284,314,1,1,A,M,30,27550,2.9,2.9,124,0,27770,0.3,FRESH,0,04/04/22,NA,NA,NA,NA,NA,NA,NA
4952,3,04/04/22,02/25/18,01/03/20,5,0.4,49,284,314,1,1,A,M,30,27550,2.9,2.9,124,0,27770,0.3,MOVE,18,04/22/22,F012T004,NA,NA,NA,NA,NA,NA
4952,3,04/04/22,02/25/18,01/03/20,5,0.4,49,284,314,1,1,A,M,30,27550,2.9,2.9,124,0,27770,0.3,MOVE,30,05/04/22,F004T010,NA,NA,NA,NA,NA,NA
4952,3,04/04/22,02/25/18,01/03/20,5,0.4,49,284,314,1,1,A,M,30,27550,2.9,2.9,124,0,27770,0.3,OPEN,80,06/23/22,714SM119,O,9,D,NA,Josh,NA
4952,3,04/04/22,02/25/18,01/03/20,5,0.4,49,284,314,1,1,A,M,30,27550,2.9,2.9,124,0,27770,0.3,MOVE,99,07/12/22,F010T001,NA,NA,NA,NA,NA,NA
4952,3,04/04/22,02/25/18,01/03/20,5,0.4,49,284,314,1,1,A,M,30,27550,2.9,2.9,124,0,27770,0.3,LAME,100,07/13/22,RFABBL,NA,NA,NA,NA,NA,NA
4952,3,04/04/22,02/25/18,01/03/20,5,0.4,49,284,314,1,1,A,M,30,27550,2.9,2.9,124,0,27770,0.3,OPEN,116,07/29/22,HP1420,O,6,2,NA,Ben,NA
4952,3,04/04/22,02/25/18,01/03/20,5,0.4,49,284,314,1,1,A,M,30,27550,2.9,2.9,124,0,27770,0.3,MOVE,127,08/09/22,F001T010,NA,NA,NA,NA,NA,NA
4952,3,04/04/22,02/25/18,01/03/20,5,0.4,49,284,314,1,1,A,M,30,27550,2.9,2.9,124,0,27770,0.3,PREG,151,09/02/22,2SM84,P,6,2,NA,Ben,NA
4952,3,04/04/22,02/25/18,01/03/20,5,0.4,49,284,314,1,1,A,M,30,27550,2.9,2.9,124,0,27770,0.3,RECHK,183,10/04/22,GNRH,NA,NA,NA,NA,NA,NA
5040,0,00000000,06/22/18,00000000,5,0,0,0,0,0,0,-,-,0,0,0,0,0,0,0,0,FOOTRIM,585,01/28/20,T,NA,NA,NA,NA,NA,NA
5040,0,00000000,06/22/18,00000000,5,0,0,0,0,0,0,-,-,0,0,0,0,0,0,0,0,FOOTRIM,613,02/25/20,T,NA,NA,NA,NA,NA,NA
5040,1,03/17/20,06/22/18,03/17/20,6,6.5,0,264,0,1,1,A,F,15,27140,3.4,3.1,99,0,0,1.6,FRESH,0,03/17/20,NA,NA,NA,NA,NA,NA,NA
5040,1,03/17/20,06/22/18,03/17/20,6,6.5,0,264,0,1,1,A,F,15,27140,3.4,3.1,99,0,0,1.6,MEASURE,5,03/22/20,56.75,NA,NA,NA,NA,NA,NA
5040,1,03/17/20,06/22/18,03/17/20,6,6.5,0,264,0,1,1,A,F,15,27140,3.4,3.1,99,0,0,1.6,METR,6,03/23/20,EX22,NA,NA,NA,NA,NA,NA
5040,1,03/17/20,06/22/18,03/17/20,6,6.5,0,264,0,1,1,A,F,15,27140,3.4,3.1,99,0,0,1.6,PNEU,10,03/27/20,EX22.5,NA,NA,NA,NA,NA,NA
5040,1,03/17/20,06/22/18,03/17/20,6,6.5,0,264,0,1,1,A,F,15,27140,3.4,3.1,99,0,0,1.6,OPEN,79,06/04/20,7AN476,O,6,D,NA,Ben,NA
5040,1,03/17/20,06/22/18,03/17/20,6,6.5,0,264,0,1,1,A,F,15,27140,3.4,3.1,99,0,0,1.6,OPEN,115,07/10/20,7AN408,O,6,2,NA,Ben,NA
5040,1,03/17/20,06/22/18,03/17/20,6,6.5,0,264,0,1,1,A,F,15,27140,3.4,3.1,99,0,0,1.6,OPEN,150,08/14/20,250H14407,O,6,2,NA,Ben,NA
5040,1,03/17/20,06/22/18,03/17/20,6,6.5,0,264,0,1,1,A,F,15,27140,3.4,3.1,99,0,0,1.6,PREG,185,09/18/20,7AN449,P,6,2,NA,Ben,NA
5040,1,03/17/20,06/22/18,03/17/20,6,6.5,0,264,0,1,1,A,F,15,27140,3.4,3.1,99,0,0,1.6,FOOTRIM,197,09/30/20,BLLR,NA,NA,NA,NA,NA,NA
5040,1,03/17/20,06/22/18,03/17/20,6,6.5,0,264,0,1,1,A,F,15,27140,3.4,3.1,99,0,0,1.6,XID,255,11/27/20,50401,NA,NA,NA,NA,NA,NA
5040,1,03/17/20,06/22/18,03/17/20,6,6.5,0,264,0,1,1,A,F,15,27140,3.4,3.1,99,0,0,1.6,MOVE,308,01/19/21,F003T001,NA,NA,NA,NA,NA,NA
5040,1,03/17/20,06/22/18,03/17/20,6,6.5,0,264,0,1,1,A,F,15,27140,3.4,3.1,99,0,0,1.6,FOOTRIM,311,01/22/21,ULRBL,NA,NA,NA,NA,NA,NA
5040,1,03/17/20,06/22/18,03/17/20,6,6.5,0,264,0,1,1,A,F,15,27140,3.4,3.1,99,0,0,1.6,DRY,405,04/26/21,NA,NA,NA,NA,NA,NA,NA
5040,1,03/17/20,06/22/18,03/17/20,6,6.5,0,264,0,1,1,A,F,15,27140,3.4,3.1,99,0,0,1.6,FOOTRIM,410,05/01/21,T,NA,NA,NA,NA,NA,NA
5040,1,03/17/20,06/22/18,03/17/20,6,6.5,0,264,0,1,1,A,F,15,27140,3.4,3.1,99,0,0,1.6,MOVE,447,06/07/21,F006T013,NA,NA,NA,NA,NA,NA
5040,1,03/17/20,06/22/18,03/17/20,6,6.5,0,264,0,1,1,A,F,15,27140,3.4,3.1,99,0,0,1.6,TOCLOSE,447,06/07/21,NA,NA,NA,NA,NA,NA,NA
5040,2,06/22/21,06/22/18,03/17/20,6,2.8,57,277,405,1,1,A,M,15,27990,3.4,2.8,136,0,37780,1.4,FRESH,0,06/22/21,NA,NA,NA,NA,NA,NA,NA
5040,2,06/22/21,06/22/18,03/17/20,6,2.8,57,277,405,1,1,A,M,15,27990,3.4,2.8,136,0,37780,1.4,KETOSIS,5,06/27/21,NA,NA,NA,NA,NA,NA,NA
5040,2,06/22/21,06/22/18,03/17/20,6,2.8,57,277,405,1,1,A,M,15,27990,3.4,2.8,136,0,37780,1.4,PNEU,11,07/03/21,EXC22,NA,NA,NA,NA,NA,NA
5040,2,06/22/21,06/22/18,03/17/20,6,2.8,57,277,405,1,1,A,M,15,27990,3.4,2.8,136,0,37780,1.4,MOVE,27,07/19/21,F001T011,NA,NA,NA,NA,NA,NA
5040,2,06/22/21,06/22/18,03/17/20,6,2.8,57,277,405,1,1,A,M,15,27990,3.4,2.8,136,0,37780,1.4,PREG,79,09/09/21,7AN556,P,9,D,NA,Josh,NA
5040,2,06/22/21,06/22/18,03/17/20,6,2.8,57,277,405,1,1,A,M,15,27990,3.4,2.8,136,0,37780,1.4,MOVE,109,10/09/21,F011T007,NA,NA,NA,NA,NA,NA
5040,2,06/22/21,06/22/18,03/17/20,6,2.8,57,277,405,1,1,A,M,15,27990,3.4,2.8,136,0,37780,1.4,MAST,109,10/09/21,SPLFLR3,NA,NA,NA,NA,NA,NA
5040,2,06/22/21,06/22/18,03/17/20,6,2.8,57,277,405,1,1,A,M,15,27990,3.4,2.8,136,0,37780,1.4,MOVE,118,10/18/21,F007T011,NA,NA,NA,NA,NA,NA
5040,2,06/22/21,06/22/18,03/17/20,6,2.8,57,277,405,1,1,A,M,15,27990,3.4,2.8,136,0,37780,1.4,DRY,307,04/25/22,NA,NA,NA,NA,NA,NA,NA
5040,2,06/22/21,06/22/18,03/17/20,6,2.8,57,277,405,1,1,A,M,15,27990,3.4,2.8,136,0,37780,1.4,FOOTRIM,315,05/03/22,T,NA,NA,NA,NA,NA,NA
5040,2,06/22/21,06/22/18,03/17/20,6,2.8,57,277,405,1,1,A,M,15,27990,3.4,2.8,136,0,37780,1.4,TOCLOSE,335,05/23/22,NA,NA,NA,NA,NA,NA,NA
5040,3,06/14/22,06/22/18,03/17/20,5,2.8,50,278,307,1,1,A,M,22,27260,3.4,2.9,144,0,38390,1,FRESH,0,06/14/22,NA,NA,NA,NA,NA,NA,NA
5040,3,06/14/22,06/22/18,03/17/20,5,2.8,50,278,307,1,1,A,M,22,27260,3.4,2.9,144,0,38390,1,ILLMISC,1,06/15/22,IVBAN12,NA,NA,NA,NA,NA,NA
5040,3,06/14/22,06/22/18,03/17/20,5,2.8,50,278,307,1,1,A,M,22,27260,3.4,2.9,144,0,38390,1,ILLMISC,1,06/15/22,PO24/7,NA,NA,NA,NA,NA,NA
5040,3,06/14/22,06/22/18,03/17/20,5,2.8,50,278,307,1,1,A,M,22,27260,3.4,2.9,144,0,38390,1,RP,1,06/15/22,NA,NA,NA,NA,NA,NA,NA
5040,3,06/14/22,06/22/18,03/17/20,5,2.8,50,278,307,1,1,A,M,22,27260,3.4,2.9,144,0,38390,1,ILLMISC,2,06/16/22,IVBAN12,NA,NA,NA,NA,NA,NA
5040,3,06/14/22,06/22/18,03/17/20,5,2.8,50,278,307,1,1,A,M,22,27260,3.4,2.9,144,0,38390,1,ILLMISC,3,06/17/22,IVBAN12,NA,NA,NA,NA,NA,NA
5040,3,06/14/22,06/22/18,03/17/20,5,2.8,50,278,307,1,1,A,M,22,27260,3.4,2.9,144,0,38390,1,MOVE,24,07/08/22,F012T010,NA,NA,NA,NA,NA,NA
5040,3,06/14/22,06/22/18,03/17/20,5,2.8,50,278,307,1,1,A,M,22,27260,3.4,2.9,144,0,38390,1,PREG,79,09/01/22,2SM84,P,9,D,NA,Josh,NA
5117,0,00000000,08/31/18,00000000,5,0,0,0,0,1,0,-,-,0,0,0,0,0,0,0,0,PREG,426,10/31/19,614H14129,P,6,C,NA,Ben,NA
5117,0,00000000,08/31/18,00000000,5,0,0,0,0,1,0,-,-,0,0,0,0,0,0,0,0,MOVE,656,06/17/20,F020T015,NA,NA,NA,NA,NA,NA
5117,0,00000000,08/31/18,00000000,5,0,0,0,0,1,0,-,-,0,0,0,0,0,0,0,0,LAME,662,06/23/20,BR,NA,NA,NA,NA,NA,NA
5117,0,00000000,08/31/18,00000000,5,0,0,0,0,1,0,-,-,0,0,0,0,0,0,0,0,MOVE,689,07/20/20,F015T013,NA,NA,NA,NA,NA,NA
5117,0,00000000,08/31/18,00000000,5,0,0,0,0,1,0,-,-,0,0,0,0,0,0,0,0,MOVE,761,09/30/20,F015T005,NA,NA,NA,NA,NA,NA
5117,1,02/23/21,08/31/18,02/23/21,6,2.9,0,481,0,1,1,A,F,43,26690,2.9,2.7,86,0,0,2.3,FRESH,0,02/23/21,NA,NA,NA,NA,NA,NA,NA
5117,1,02/23/21,08/31/18,02/23/21,6,2.9,0,481,0,1,1,A,F,43,26690,2.9,2.7,86,0,0,2.3,METR,7,03/02/21,PO20-4,NA,NA,NA,NA,NA,NA
5117,1,02/23/21,08/31/18,02/23/21,6,2.9,0,481,0,1,1,A,F,43,26690,2.9,2.7,86,0,0,2.3,METR,10,03/05/21,PO20/4,NA,NA,NA,NA,NA,NA
5117,1,02/23/21,08/31/18,02/23/21,6,2.9,0,481,0,1,1,A,F,43,26690,2.9,2.7,86,0,0,2.3,MOVE,20,03/15/21,F001T003,NA,NA,NA,NA,NA,NA
5117,1,02/23/21,08/31/18,02/23/21,6,2.9,0,481,0,1,1,A,F,43,26690,2.9,2.7,86,0,0,2.3,PREG,79,05/13/21,2AN604,P,9,D,NA,Josh,NA
5117,1,02/23/21,08/31/18,02/23/21,6,2.9,0,481,0,1,1,A,F,43,26690,2.9,2.7,86,0,0,2.3,DRY,293,12/13/21,NA,NA,NA,NA,NA,NA,NA
5117,1,02/23/21,08/31/18,02/23/21,6,2.9,0,481,0,1,1,A,F,43,26690,2.9,2.7,86,0,0,2.3,FOOTRIM,295,12/15/21,T,NA,NA,NA,NA,NA,NA
5117,1,02/23/21,08/31/18,02/23/21,6,2.9,0,481,0,1,1,A,F,43,26690,2.9,2.7,86,0,0,2.3,MOVE,334,01/23/22,F020T013,NA,NA,NA,NA,NA,NA
5117,2,02/19/22,08/31/18,02/23/21,7,2.9,68,282,293,1,1,A,M,46,25940,2.2,3.1,99,1,27060,0.6,FRESH,0,02/19/22,NA,NA,NA,NA,NA,NA,NA
5117,2,02/19/22,08/31/18,02/23/21,7,2.9,68,282,293,1,1,A,M,46,25940,2.2,3.1,99,1,27060,0.6,ILLMISC,5,02/24/22,EXL19.52,NA,NA,NA,NA,NA,NA
5117,2,02/19/22,08/31/18,02/23/21,7,2.9,68,282,293,1,1,A,M,46,25940,2.2,3.1,99,1,27060,0.6,PNEU,7,02/26/22,PO19.5/3,NA,NA,NA,NA,NA,NA
5117,2,02/19/22,08/31/18,02/23/21,7,2.9,68,282,293,1,1,A,M,46,25940,2.2,3.1,99,1,27060,0.6,PNEU,8,02/27/22,IVBAN12,NA,NA,NA,NA,NA,NA
5117,2,02/19/22,08/31/18,02/23/21,7,2.9,68,282,293,1,1,A,M,46,25940,2.2,3.1,99,1,27060,0.6,MOVE,27,03/18/22,F012T011,NA,NA,NA,NA,NA,NA
5117,2,02/19/22,08/31/18,02/23/21,7,2.9,68,282,293,1,1,A,M,46,25940,2.2,3.1,99,1,27060,0.6,SOLD,58,04/18/22,DCAR1,NA,NA,NA,NA,NA,NA
5144,0,00000000,10/01/18,00000000,5,0,0,0,0,1,0,-,-,0,0,0,0,0,0,0,0,FOOTRIM,610,06/02/20,T,NA,NA,NA,NA,NA,NA
5144,0,00000000,10/01/18,00000000,5,0,0,0,0,1,0,-,-,0,0,0,0,0,0,0,0,MOVE,630,06/22/20,F015T013,NA,NA,NA,NA,NA,NA
5144,1,07/03/20,10/01/18,07/03/20,6,2.7,0,272,0,1,1,A,M,33,30650,3.7,2.7,107,0,0,1.5,FRESH,0,07/03/20,NA,NA,NA,NA,NA,NA,NA
5144,1,07/03/20,10/01/18,07/03/20,6,2.7,0,272,0,1,1,A,M,33,30650,3.7,2.7,107,0,0,1.5,METR,13,07/16/20,EX22.5,NA,NA,NA,NA,NA,NA
5144,1,07/03/20,10/01/18,07/03/20,6,2.7,0,272,0,1,1,A,M,33,30650,3.7,2.7,107,0,0,1.5,MOVE,24,07/27/20,F001T002,NA,NA,NA,NA,NA,NA
5144,1,07/03/20,10/01/18,07/03/20,6,2.7,0,272,0,1,1,A,M,33,30650,3.7,2.7,107,0,0,1.5,OPEN,76,09/17/20,614H14220,O,6,D,NA,Ben,NA
5144,1,07/03/20,10/01/18,07/03/20,6,2.7,0,272,0,1,1,A,M,33,30650,3.7,2.7,107,0,0,1.5,OPEN,112,10/23/20,614H14226,O,6,2,NA,Ben,NA
5144,1,07/03/20,10/01/18,07/03/20,6,2.7,0,272,0,1,1,A,M,33,30650,3.7,2.7,107,0,0,1.5,OPEN,154,12/04/20,507H12659,O,11,C,NA,Tech# 11,NA
5144,1,07/03/20,10/01/18,07/03/20,6,2.7,0,272,0,1,1,A,M,33,30650,3.7,2.7,107,0,0,1.5,OPEN,189,01/08/21,7H12740,O,11,2,NA,Tech# 11,NA
5144,1,07/03/20,10/01/18,07/03/20,6,2.7,0,272,0,1,1,A,M,33,30650,3.7,2.7,107,0,0,1.5,PREG,231,02/19/21,614H14226,P,9,C,NA,Josh,NA
5144,1,07/03/20,10/01/18,07/03/20,6,2.7,0,272,0,1,1,A,M,33,30650,3.7,2.7,107,0,0,1.5,PNEU,238,02/26/21,EXC22,NA,NA,NA,NA,NA,NA
5144,1,07/03/20,10/01/18,07/03/20,6,2.7,0,272,0,1,1,A,M,33,30650,3.7,2.7,107,0,0,1.5,PNEU,245,03/05/21,PO20-4,NA,NA,NA,NA,NA,NA
5144,1,07/03/20,10/01/18,07/03/20,6,2.7,0,272,0,1,1,A,M,33,30650,3.7,2.7,107,0,0,1.5,ILLMISC,260,03/20/21,GI,NA,NA,NA,NA,NA,NA
5144,1,07/03/20,10/01/18,07/03/20,6,2.7,0,272,0,1,1,A,M,33,30650,3.7,2.7,107,0,0,1.5,ILLMISC,266,03/26/21,GI,NA,NA,NA,NA,NA,NA
5144,1,07/03/20,10/01/18,07/03/20,6,2.7,0,272,0,1,1,A,M,33,30650,3.7,2.7,107,0,0,1.5,MOVE,444,09/20/21,F020T002,NA,NA,NA,NA,NA,NA
5144,1,07/03/20,10/01/18,07/03/20,6,2.7,0,272,0,1,1,A,M,33,30650,3.7,2.7,107,0,0,1.5,DRY,451,09/27/21,NA,NA,NA,NA,NA,NA,NA
5144,1,07/03/20,10/01/18,07/03/20,6,2.7,0,272,0,1,1,A,M,33,30650,3.7,2.7,107,0,0,1.5,FOOTRIM,459,10/05/21,T,NA,NA,NA,NA,NA,NA
5144,1,07/03/20,10/01/18,07/03/20,6,2.7,0,272,0,1,1,A,M,33,30650,3.7,2.7,107,0,0,1.5,TOCLOSE,493,11/08/21,NA,NA,NA,NA,NA,NA,NA
5144,2,11/23/21,10/01/18,07/03/20,5,2.7,57,277,451,1,1,A,F,43,27440,2.9,3,121,0,37300,0.8,FRESH,0,11/23/21,NA,NA,NA,NA,NA,NA,NA
5144,2,11/23/21,10/01/18,07/03/20,5,2.7,57,277,451,1,1,A,F,43,27440,2.9,3,121,0,37300,0.8,MAST,5,11/28/21,SPLFLR5,NA,NA,NA,NA,NA,NA
5144,2,11/23/21,10/01/18,07/03/20,5,2.7,57,277,451,1,1,A,F,43,27440,2.9,3,121,0,37300,0.8,PNEU,5,11/28/21,PO24.5/4,NA,NA,NA,NA,NA,NA
5144,2,11/23/21,10/01/18,07/03/20,5,2.7,57,277,451,1,1,A,F,43,27440,2.9,3,121,0,37300,0.8,MOVE,5,11/28/21,F001T007,NA,NA,NA,NA,NA,NA
5144,2,11/23/21,10/01/18,07/03/20,5,2.7,57,277,451,1,1,A,F,43,27440,2.9,3,121,0,37300,0.8,MOVE,15,12/08/21,F007T001,NA,NA,NA,NA,NA,NA
5144,2,11/23/21,10/01/18,07/03/20,5,2.7,57,277,451,1,1,A,F,43,27440,2.9,3,121,0,37300,0.8,MOVE,23,12/16/21,F001T010,NA,NA,NA,NA,NA,NA
5144,2,11/23/21,10/01/18,07/03/20,5,2.7,57,277,451,1,1,A,F,43,27440,2.9,3,121,0,37300,0.8,OPEN,79,02/10/22,2SM84,O,9,D,NA,Josh,NA
5144,2,11/23/21,10/01/18,07/03/20,5,2.7,57,277,451,1,1,A,F,43,27440,2.9,3,121,0,37300,0.8,PNEU,93,02/24/22,PO19.5/4,NA,NA,NA,NA,NA,NA
5144,2,11/23/21,10/01/18,07/03/20,5,2.7,57,277,451,1,1,A,F,43,27440,2.9,3,121,0,37300,0.8,MOVE,102,03/05/22,F007T010,NA,NA,NA,NA,NA,NA
5144,2,11/23/21,10/01/18,07/03/20,5,2.7,57,277,451,1,1,A,F,43,27440,2.9,3,121,0,37300,0.8,PREG,115,03/18/22,2SM84,P,9,2,NA,Josh,NA
5144,2,11/23/21,10/01/18,07/03/20,5,2.7,57,277,451,1,1,A,F,43,27440,2.9,3,121,0,37300,0.8,MOVE,288,09/07/22,F010T012,NA,NA,NA,NA,NA,NA
5144,2,11/23/21,10/01/18,07/03/20,5,2.7,57,277,451,1,1,A,F,43,27440,2.9,3,121,0,37300,0.8,MOVE,291,09/10/22,F012T010,NA,NA,NA,NA,NA,NA
5144,2,11/23/21,10/01/18,07/03/20,5,2.7,57,277,451,1,1,A,F,43,27440,2.9,3,121,0,37300,0.8,LAME,291,09/10/22,RRABBL,NA,NA,NA,NA,NA,NA
5411,0,00000000,06/24/19,00000000,5,0,0,0,308,1,0,-,-,0,0,0,0,0,0,33110,0,MEASURE,144,11/15/19,414,NA,NA,NA,NA,NA,NA
5411,0,00000000,06/24/19,00000000,5,0,0,0,308,1,0,-,-,0,0,0,0,0,0,33110,0,MEASURE,144,11/15/19,45,NA,NA,NA,NA,NA,NA
5411,0,00000000,06/24/19,00000000,5,0,0,0,308,1,0,-,-,0,0,0,0,0,0,33110,0,MEASURE,360,06/18/20,775,NA,NA,NA,NA,NA,NA
5411,0,00000000,06/24/19,00000000,5,0,0,0,308,1,0,-,-,0,0,0,0,0,0,33110,0,MEASURE,360,06/18/20,51.5,NA,NA,NA,NA,NA,NA
5411,0,00000000,06/24/19,00000000,5,0,0,0,308,1,0,-,-,0,0,0,0,0,0,33110,0,PREG,366,06/24/20,614H14690,P,6,L,NA,Ben,NA
5411,0,00000000,06/24/19,00000000,5,0,0,0,308,1,0,-,-,0,0,0,0,0,0,33110,0,MOVE,396,07/24/20,F032T033,NA,NA,NA,NA,NA,NA
5411,0,00000000,06/24/19,00000000,5,0,0,0,308,1,0,-,-,0,0,0,0,0,0,33110,0,MOVE,575,01/19/21,F033T005,NA,NA,NA,NA,NA,NA
5411,0,00000000,06/24/19,00000000,5,0,0,0,308,1,0,-,-,0,0,0,0,0,0,33110,0,FOOTRIM,578,01/22/21,T,NA,NA,NA,NA,NA,NA
5411,0,00000000,06/24/19,00000000,5,0,0,0,308,1,0,-,-,0,0,0,0,0,0,33110,0,MOVE,623,03/08/21,F005T013,NA,NA,NA,NA,NA,NA
5411,0,00000000,06/24/19,00000000,5,0,0,0,308,1,0,-,-,0,0,0,0,0,0,33110,0,MOVE,637,03/22/21,F013T010,NA,NA,NA,NA,NA,NA
5411,1,03/26/21,06/24/19,03/26/21,6,0.1,0,275,0,1,1,A,F,12,28380,4.6,3.2,97,0,0,4.8,FRESH,0,03/26/21,NA,NA,NA,NA,NA,NA,NA
5411,1,03/26/21,06/24/19,03/26/21,6,0.1,0,275,0,1,1,A,F,12,28380,4.6,3.2,97,0,0,4.8,KETOSIS,5,03/31/21,NA,NA,NA,NA,NA,NA,NA
5411,1,03/26/21,06/24/19,03/26/21,6,0.1,0,275,0,1,1,A,F,12,28380,4.6,3.2,97,0,0,4.8,MOVE,24,04/19/21,F001T002,NA,NA,NA,NA,NA,NA
5411,1,03/26/21,06/24/19,03/26/21,6,0.1,0,275,0,1,1,A,F,12,28380,4.6,3.2,97,0,0,4.8,OPEN,76,06/10/21,614H15274,O,9,D,NA,Josh,NA
5411,1,03/26/21,06/24/19,03/26/21,6,0.1,0,275,0,1,1,A,F,12,28380,4.6,3.2,97,0,0,4.8,PREG,97,07/01/21,614H15167,P,9,S,NA,Josh,NA
5411,1,03/26/21,06/24/19,03/26/21,6,0.1,0,275,0,1,1,A,F,12,28380,4.6,3.2,97,0,0,4.8,DRY,311,01/31/22,NA,NA,NA,NA,NA,NA,NA
5411,1,03/26/21,06/24/19,03/26/21,6,0.1,0,275,0,1,1,A,F,12,28380,4.6,3.2,97,0,0,4.8,FOOTRIM,319,02/08/22,T,NA,NA,NA,NA,NA,NA
5411,1,03/26/21,06/24/19,03/26/21,6,0.1,0,275,0,1,1,A,F,12,28380,4.6,3.2,97,0,0,4.8,TOCLOSE,353,03/14/22,NA,NA,NA,NA,NA,NA,NA
5411,2,04/06/22,06/24/19,03/26/21,7,0.1,65,279,311,1,1,A,F,28,26500,4,2.5,100,6,33930,0.8,FRESH,0,04/06/22,NA,NA,NA,NA,NA,NA,NA
5411,2,04/06/22,06/24/19,03/26/21,7,0.1,65,279,311,1,1,A,F,28,26500,4,2.5,100,6,33930,0.8,MOVE,30,05/06/22,F012T011,NA,NA,NA,NA,NA,NA
5411,2,04/06/22,06/24/19,03/26/21,7,0.1,65,279,311,1,1,A,F,28,26500,4,2.5,100,6,33930,0.8,OPEN,78,06/23/22,614H15274,O,9,D,NA,Josh,NA
5411,2,04/06/22,06/24/19,03/26/21,7,0.1,65,279,311,1,1,A,F,28,26500,4,2.5,100,6,33930,0.8,OPEN,121,08/05/22,HP1420,O,6,C,NA,Ben,NA
5411,2,04/06/22,06/24/19,03/26/21,7,0.1,65,279,311,1,1,A,F,28,26500,4,2.5,100,6,33930,0.8,DIED,152,09/05/22,UNK,NA,NA,NA,NA,NA,NA
5411,2,04/06/22,06/24/19,03/26/21,7,0.1,65,279,311,1,1,A,F,28,26500,4,2.5,100,6,33930,0.8,BRED,156,09/09/22,2SM84,-,9,2,NA,Josh,NA
5535,0,00000000,09/19/19,00000000,5,0,0,0,0,1,0,-,-,0,0,0,0,0,0,0,0,MEASURE,57,11/15/19,205,NA,NA,NA,NA,NA,NA
5535,0,00000000,09/19/19,00000000,5,0,0,0,0,1,0,-,-,0,0,0,0,0,0,0,0,MOVE,337,08/21/20,F031T032,NA,NA,NA,NA,NA,NA
5535,0,00000000,09/19/19,00000000,5,0,0,0,0,1,0,-,-,0,0,0,0,0,0,0,0,PREG,393,10/16/20,614H14129,P,6,K,NA,Ben,NA
5535,0,00000000,09/19/19,00000000,5,0,0,0,0,1,0,-,-,0,0,0,0,0,0,0,0,MOVE,606,05/17/21,F032T005,NA,NA,NA,NA,NA,NA
5535,0,00000000,09/19/19,00000000,5,0,0,0,0,1,0,-,-,0,0,0,0,0,0,0,0,FOOTRIM,611,05/22/21,T,NA,NA,NA,NA,NA,NA
5535,0,00000000,09/19/19,00000000,5,0,0,0,0,1,0,-,-,0,0,0,0,0,0,0,0,TOCLOSE,655,07/05/21,NA,NA,NA,NA,NA,NA,NA
5535,1,07/23/21,09/19/19,07/23/21,6,0.1,0,280,0,1,1,A,F,12,27910,4.2,2.9,104,0,0,1.4,FRESH,0,07/23/21,NA,NA,NA,NA,NA,NA,NA
5535,1,07/23/21,09/19/19,07/23/21,6,0.1,0,280,0,1,1,A,F,12,27910,4.2,2.9,104,0,0,1.4,MOVE,21,08/13/21,F001T003,NA,NA,NA,NA,NA,NA
5535,1,07/23/21,09/19/19,07/23/21,6,0.1,0,280,0,1,1,A,F,12,27910,4.2,2.9,104,0,0,1.4,OPEN,76,10/07/21,614H15274,O,9,D,NA,Josh,NA
5535,1,07/23/21,09/19/19,07/23/21,6,0.1,0,280,0,1,1,A,F,12,27910,4.2,2.9,104,0,0,1.4,PREG,112,11/12/21,7H14879,P,6,2,NA,Ben,NA
5535,1,07/23/21,09/19/19,07/23/21,6,0.1,0,280,0,1,1,A,F,12,27910,4.2,2.9,104,0,0,1.4,OTHER,213,02/21/22,NAVELMEL,NA,NA,NA,NA,NA,NA
5535,1,07/23/21,09/19/19,07/23/21,6,0.1,0,280,0,1,1,A,F,12,27910,4.2,2.9,104,0,0,1.4,DIARHEA,219,02/27/22,KAO,NA,NA,NA,NA,NA,NA
5535,1,07/23/21,09/19/19,07/23/21,6,0.1,0,280,0,1,1,A,F,12,27910,4.2,2.9,104,0,0,1.4,DRY,332,06/20/22,NA,NA,NA,NA,NA,NA,NA
5535,1,07/23/21,09/19/19,07/23/21,6,0.1,0,280,0,1,1,A,F,12,27910,4.2,2.9,104,0,0,1.4,TOCLOSE,367,07/25/22,NA,NA,NA,NA,NA,NA,NA
5535,2,08/21/22,09/19/19,07/23/21,2,0.1,62,282,332,1,1,A,F,10,26940,3.6,3.2,123,0,38810,1.1,FRESH,0,08/21/22,NA,NA,NA,NA,NA,NA,NA
5535,2,08/21/22,09/19/19,07/23/21,2,0.1,62,282,332,1,1,A,F,10,26940,3.6,3.2,123,0,38810,1.1,MOVE,18,09/08/22,F012T010,NA,NA,NA,NA,NA,NA
5657,0,00000000,12/26/19,00000000,5,0,0,0,321,1,0,-,-,0,0,0,0,0,0,22650,0,WEIGHT,0,12/26/19,89,NA,NA,NA,NA,NA,NA
5657,0,00000000,12/26/19,00000000,5,0,0,0,321,1,0,-,-,0,0,0,0,0,0,22650,0,OTHER,1,12/27/19,GILA,NA,NA,NA,NA,NA,NA
5657,0,00000000,12/26/19,00000000,5,0,0,0,321,1,0,-,-,0,0,0,0,0,0,22650,0,ILLMISC,1,12/27/19,LA2003.5,NA,NA,NA,NA,NA,NA
5657,0,00000000,12/26/19,00000000,5,0,0,0,321,1,0,-,-,0,0,0,0,0,0,22650,0,WEIGHT,49,02/13/20,198,NA,NA,NA,NA,NA,NA
5657,0,00000000,12/26/19,00000000,5,0,0,0,321,1,0,-,-,0,0,0,0,0,0,22650,0,HEIGHT,131,05/05/20,44,NA,NA,NA,NA,NA,NA
5657,0,00000000,12/26/19,00000000,5,0,0,0,321,1,0,-,-,0,0,0,0,0,0,22650,0,WEIGHT,131,05/05/20,400,NA,NA,NA,NA,NA,NA
5657,0,00000000,12/26/19,00000000,5,0,0,0,321,1,0,-,-,0,0,0,0,0,0,22650,0,MOVE,232,08/14/20,F021T016,NA,NA,NA,NA,NA,NA
5657,0,00000000,12/26/19,00000000,5,0,0,0,321,1,0,-,-,0,0,0,0,0,0,22650,0,MOVE,341,12/01/20,F016T030,NA,NA,NA,NA,NA,NA
5657,0,00000000,12/26/19,00000000,5,0,0,0,321,1,0,-,-,0,0,0,0,0,0,22650,0,MOVE,354,12/14/20,F030T031,NA,NA,NA,NA,NA,NA
5657,0,00000000,12/26/19,00000000,5,0,0,0,321,1,0,-,-,0,0,0,0,0,0,22650,0,OPEN,370,12/30/20,507H14229,O,11,L,NA,Tech# 11,NA
5657,0,00000000,12/26/19,00000000,5,0,0,0,321,1,0,-,-,0,0,0,0,0,0,22650,0,OPEN,388,01/17/21,507H14229,O,9,K,NA,Josh,NA
5657,0,00000000,12/26/19,00000000,5,0,0,0,321,1,0,-,-,0,0,0,0,0,0,22650,0,PREG,406,02/04/21,7H14229,P,11,K,NA,Tech# 11,NA
5657,0,00000000,12/26/19,00000000,5,0,0,0,321,1,0,-,-,0,0,0,0,0,0,22650,0,MOVE,420,02/18/21,F031T032,NA,NA,NA,NA,NA,NA
5657,0,00000000,12/26/19,00000000,5,0,0,0,321,1,0,-,-,0,0,0,0,0,0,22650,0,MOVE,641,09/27/21,F032T005,NA,NA,NA,NA,NA,NA
5657,0,00000000,12/26/19,00000000,5,0,0,0,321,1,0,-,-,0,0,0,0,0,0,22650,0,FOOTRIM,643,09/29/21,DD,NA,NA,NA,NA,NA,NA
5657,0,00000000,12/26/19,00000000,5,0,0,0,321,1,0,-,-,0,0,0,0,0,0,22650,0,FOOTRIM,663,10/19/21,DD,NA,NA,NA,NA,NA,NA
5657,0,00000000,12/26/19,00000000,5,0,0,0,321,1,0,-,-,0,0,0,0,0,0,22650,0,MOVE,669,10/25/21,F005T015,NA,NA,NA,NA,NA,NA
5657,1,11/07/21,12/26/19,11/07/21,6,3.4,0,276,0,1,1,A,M,24,25080,3.5,2.6,96,0,0,1.7,FRESH,0,11/07/21,NA,NA,NA,NA,NA,NA,NA
5657,1,11/07/21,12/26/19,11/07/21,6,3.4,0,276,0,1,1,A,M,24,25080,3.5,2.6,96,0,0,1.7,FOOTRIM,14,11/21/21,DD,NA,NA,NA,NA,NA,NA
5657,1,11/07/21,12/26/19,11/07/21,6,3.4,0,276,0,1,1,A,M,24,25080,3.5,2.6,96,0,0,1.7,MOVE,26,12/03/21,F001T004,NA,NA,NA,NA,NA,NA
5657,1,11/07/21,12/26/19,11/07/21,6,3.4,0,276,0,1,1,A,M,24,25080,3.5,2.6,96,0,0,1.7,OPEN,81,01/27/22,614H15367,O,9,D,NA,Josh,NA
5657,1,11/07/21,12/26/19,11/07/21,6,3.4,0,276,0,1,1,A,M,24,25080,3.5,2.6,96,0,0,1.7,PREG,117,03/04/22,614H15367,P,9,2,NA,Josh,NA
5657,1,11/07/21,12/26/19,11/07/21,6,3.4,0,276,0,1,1,A,M,24,25080,3.5,2.6,96,0,0,1.7,MOVE,186,05/12/22,F004T007,NA,NA,NA,NA,NA,NA
5657,1,11/07/21,12/26/19,11/07/21,6,3.4,0,276,0,1,1,A,M,24,25080,3.5,2.6,96,0,0,1.7,DA,187,05/13/22,PO22.5/3,NA,NA,NA,NA,NA,NA
5657,1,11/07/21,12/26/19,11/07/21,6,3.4,0,276,0,1,1,A,M,24,25080,3.5,2.6,96,0,0,1.7,DA,187,05/13/22,HEAT?,NA,NA,NA,NA,NA,NA
5657,1,11/07/21,12/26/19,11/07/21,6,3.4,0,276,0,1,1,A,M,24,25080,3.5,2.6,96,0,0,1.7,MOVE,192,05/18/22,F007T004,NA,NA,NA,NA,NA,NA
5657,1,11/07/21,12/26/19,11/07/21,6,3.4,0,276,0,1,1,A,M,24,25080,3.5,2.6,96,0,0,1.7,MOVE,334,10/07/22,F004T008,NA,NA,NA,NA,NA,NA
5657,1,11/07/21,12/26/19,11/07/21,6,3.4,0,276,0,1,1,A,M,24,25080,3.5,2.6,96,0,0,1.7,DRY,337,10/10/22,NA,NA,NA,NA,NA,NA,NA
